AuthorID,AuthorIDBook,AuthorFirstName,AuthorLastName
801,21,First Name 801,Last Name 801
802,22,First Name 802,Last Name 802
803,23,First Name 803,Last Name 803
804,24,First Name 804,Last Name 804
805,25,First Name 805,Last Name 805
806,26,First Name 806,Last Name 806
807,27,First Name 807,Last Name 807
808,28,First Name 808,Last Name 808
809,29,First Name 809,Last Name 809
810,10,First Name 810,Last Name 810
811,11,First Name 811,Last Name 811
812,12,First Name 812,Last Name 812
813,13,First Name 813,Last Name 813
814,14,First Name 814,Last Name 814
815,15,First Name 815,Last Name 815
816,16,First Name 816,Last Name 816
817,17,First Name 817,Last Name 817
818,18,First Name 818,Last Name 818
819,19,First Name 819,Last Name 819
820,20,First Name 820,Last Name 820
821,21,First Name 821,Last Name 821
822,22,First Name 822,Last Name 822
823,23,First Name 823,Last Name 823
824,24,First Name 824,Last Name 824
825,25,First Name 825,Last Name 825
826,26,First Name 826,Last Name 826
827,27,First Name 827,Last Name 827
828,28,First Name 828,Last Name 828
829,29,First Name 829,Last Name 829
830,30,First Name 830,Last Name 830