BookID,BookTitle,BookDescription,BookPageCount,BookExcerpt,BookPublishDate
201,Book Title 201,Book Description 201,201,Book Excerpt 201,2022-10-15T06:23:12.237Z
202,Book Title 202,Book Description 202,202,Book Excerpt 202,2022-10-16T06:23:12.237Z
203,Book Title 203,Book Description 203,203,Book Excerpt 203,2022-10-15T06:23:12.237Z
204,Book Title 204,Book Description 204,204,Book Excerpt 204,2022-10-16T06:23:12.237Z
205,Book Title 205,Book Description 205,205,Book Excerpt 205,2022-10-15T06:23:12.237Z
206,Book Title 206,Book Description 206,206,Book Excerpt 206,2022-10-16T06:23:12.237Z
207,Book Title 207,Book Description 207,207,Book Excerpt 207,2022-10-15T06:23:12.237Z
208,Book Title 208,Book Description 208,208,Book Excerpt 208,2022-10-16T06:23:12.237Z
209,Book Title 209,Book Description 209,209,Book Excerpt 209,2022-10-15T06:23:12.237Z
210,Book Title 210,Book Description 210,210,Book Excerpt 210,2022-10-16T06:23:12.237Z
211,Book Title 211,Book Description 211,211,Book Excerpt 211,2022-10-15T06:23:12.237Z
212,Book Title 212,Book Description 212,212,Book Excerpt 212,2022-10-16T06:23:12.237Z
213,Book Title 213,Book Description 213,213,Book Excerpt 213,2022-10-15T06:23:12.237Z
214,Book Title 214,Book Description 214,214,Book Excerpt 214,2022-10-16T06:23:12.237Z
215,Book Title 215,Book Description 215,215,Book Excerpt 215,2022-10-15T06:23:12.237Z
216,Book Title 216,Book Description 216,216,Book Excerpt 216,2022-10-16T06:23:12.237Z
217,Book Title 217,Book Description 217,217,Book Excerpt 217,2022-10-15T06:23:12.237Z
218,Book Title 218,Book Description 218,218,Book Excerpt 218,2022-10-16T06:23:12.237Z
219,Book Title 219,Book Description 219,219,Book Excerpt 219,2022-10-15T06:23:12.237Z
220,Book Title 220,Book Description 220,220,Book Excerpt 220,2022-10-16T06:23:12.237Z
221,Book Title 221,Book Description 221,221,Book Excerpt 221,2022-10-15T06:23:12.237Z
222,Book Title 222,Book Description 222,222,Book Excerpt 222,2022-10-16T06:23:12.237Z
223,Book Title 223,Book Description 223,223,Book Excerpt 223,2022-10-15T06:23:12.237Z
224,Book Title 224,Book Description 224,224,Book Excerpt 224,2022-10-16T06:23:12.237Z
225,Book Title 225,Book Description 225,225,Book Excerpt 225,2022-10-15T06:23:12.237Z
226,Book Title 226,Book Description 226,226,Book Excerpt 226,2022-10-16T06:23:12.237Z
227,Book Title 227,Book Description 227,227,Book Excerpt 227,2022-10-15T06:23:12.237Z
228,Book Title 228,Book Description 228,228,Book Excerpt 228,2022-10-16T06:23:12.237Z
229,Book Title 229,Book Description 229,229,Book Excerpt 229,2022-10-15T06:23:12.237Z
230,Book Title 230,Book Description 230,230,Book Excerpt 230,2022-10-16T06:23:12.237Z
