UserID,UserUserName,UserPassword
11,user 11,password 11
12,user 12,password 12
13,user 13,password 13
14,user 14,password 14
15,user 15,password 15
16,user 16,password 16
17,user 17,password 17
18,user 18,password 18
19,user 19,password 19
20,user 20,password 20
21,user 21,password 21
22,user 22,password 22
23,user 23,password 23
24,user 24,password 24
25,user 25,password 25
26,user 26,password 26
27,user 27,password 27
28,user 28,password 28
29,user 29,password 29
30,user 30,password 30
31,user 31,password 31
32,user 32,password 32
33,user 33,password 33
34,user 34,password 34
35,user 35,password 35
36,user 36,password 36
37,user 37,password 37
38,user 38,password 38
39,user 39,password 39
40,user 40,password 40